x,y,w,h,imw,imh,filename,absolutepath
235,137,128,128,694,462,w_0_lq.jpg,/Users/LeonhardS/Documents/CSE/courses/CS283_Computer_Vision/Project/Project_cs283/cache/lq/w_0_lq.jpg
295,59,128,128,694,462,w_100_lq.jpg,/Users/LeonhardS/Documents/CSE/courses/CS283_Computer_Vision/Project/Project_cs283/cache/lq/w_100_lq.jpg
257,171,128,128,694,462,w_101_lq.jpg,/Users/LeonhardS/Documents/CSE/courses/CS283_Computer_Vision/Project/Project_cs283/cache/lq/w_101_lq.jpg
331,303,128,128,694,462,w_102_lq.jpg,/Users/LeonhardS/Documents/CSE/courses/CS283_Computer_Vision/Project/Project_cs283/cache/lq/w_102_lq.jpg
134,132,128,128,694,462,w_103_lq.jpg,/Users/LeonhardS/Documents/CSE/courses/CS283_Computer_Vision/Project/Project_cs283/cache/lq/w_103_lq.jpg
240,124,128,128,694,462,w_104_lq.jpg,/Users/LeonhardS/Documents/CSE/courses/CS283_Computer_Vision/Project/Project_cs283/cache/lq/w_104_lq.jpg
293,150,128,128,694,462,w_105_lq.jpg,/Users/LeonhardS/Documents/CSE/courses/CS283_Computer_Vision/Project/Project_cs283/cache/lq/w_105_lq.jpg
264,232,128,128,694,462,w_106_lq.jpg,/Users/LeonhardS/Documents/CSE/courses/CS283_Computer_Vision/Project/Project_cs283/cache/lq/w_106_lq.jpg
269,129,128,128,694,462,w_107_lq.jpg,/Users/LeonhardS/Documents/CSE/courses/CS283_Computer_Vision/Project/Project_cs283/cache/lq/w_107_lq.jpg
284,185,128,128,694,462,w_108_lq.jpg,/Users/LeonhardS/Documents/CSE/courses/CS283_Computer_Vision/Project/Project_cs283/cache/lq/w_108_lq.jpg
248,174,128,128,694,462,w_109_lq.jpg,/Users/LeonhardS/Documents/CSE/courses/CS283_Computer_Vision/Project/Project_cs283/cache/lq/w_109_lq.jpg
149,201,128,128,694,462,w_10_lq.jpg,/Users/LeonhardS/Documents/CSE/courses/CS283_Computer_Vision/Project/Project_cs283/cache/lq/w_10_lq.jpg
243,170,128,128,694,462,w_110_lq.jpg,/Users/LeonhardS/Documents/CSE/courses/CS283_Computer_Vision/Project/Project_cs283/cache/lq/w_110_lq.jpg
301,288,128,128,694,462,w_111_lq.jpg,/Users/LeonhardS/Documents/CSE/courses/CS283_Computer_Vision/Project/Project_cs283/cache/lq/w_111_lq.jpg
290,168,128,128,694,462,w_112_lq.jpg,/Users/LeonhardS/Documents/CSE/courses/CS283_Computer_Vision/Project/Project_cs283/cache/lq/w_112_lq.jpg
250,47,128,128,694,462,w_113_lq.jpg,/Users/LeonhardS/Documents/CSE/courses/CS283_Computer_Vision/Project/Project_cs283/cache/lq/w_113_lq.jpg
355,181,128,128,694,462,w_114_lq.jpg,/Users/LeonhardS/Documents/CSE/courses/CS283_Computer_Vision/Project/Project_cs283/cache/lq/w_114_lq.jpg
320,118,128,128,694,462,w_115_lq.jpg,/Users/LeonhardS/Documents/CSE/courses/CS283_Computer_Vision/Project/Project_cs283/cache/lq/w_115_lq.jpg
283,208,128,128,694,462,w_116_lq.jpg,/Users/LeonhardS/Documents/CSE/courses/CS283_Computer_Vision/Project/Project_cs283/cache/lq/w_116_lq.jpg
347,264,128,128,694,462,w_117_lq.jpg,/Users/LeonhardS/Documents/CSE/courses/CS283_Computer_Vision/Project/Project_cs283/cache/lq/w_117_lq.jpg
324,138,128,128,694,462,w_118_lq.jpg,/Users/LeonhardS/Documents/CSE/courses/CS283_Computer_Vision/Project/Project_cs283/cache/lq/w_118_lq.jpg
264,194,128,128,694,462,w_119_lq.jpg,/Users/LeonhardS/Documents/CSE/courses/CS283_Computer_Vision/Project/Project_cs283/cache/lq/w_119_lq.jpg
321,194,128,128,694,462,w_11_lq.jpg,/Users/LeonhardS/Documents/CSE/courses/CS283_Computer_Vision/Project/Project_cs283/cache/lq/w_11_lq.jpg
230,127,128,128,694,462,w_120_lq.jpg,/Users/LeonhardS/Documents/CSE/courses/CS283_Computer_Vision/Project/Project_cs283/cache/lq/w_120_lq.jpg
286,0,128,128,694,462,w_121_lq.jpg,/Users/LeonhardS/Documents/CSE/courses/CS283_Computer_Vision/Project/Project_cs283/cache/lq/w_121_lq.jpg
256,197,128,128,694,462,w_122_lq.jpg,/Users/LeonhardS/Documents/CSE/courses/CS283_Computer_Vision/Project/Project_cs283/cache/lq/w_122_lq.jpg
262,204,128,128,694,462,w_123_lq.jpg,/Users/LeonhardS/Documents/CSE/courses/CS283_Computer_Vision/Project/Project_cs283/cache/lq/w_123_lq.jpg
329,207,128,128,694,462,w_124_lq.jpg,/Users/LeonhardS/Documents/CSE/courses/CS283_Computer_Vision/Project/Project_cs283/cache/lq/w_124_lq.jpg
207,123,128,128,694,462,w_125_lq.jpg,/Users/LeonhardS/Documents/CSE/courses/CS283_Computer_Vision/Project/Project_cs283/cache/lq/w_125_lq.jpg
361,123,128,128,694,462,w_126_lq.jpg,/Users/LeonhardS/Documents/CSE/courses/CS283_Computer_Vision/Project/Project_cs283/cache/lq/w_126_lq.jpg
383,123,128,128,694,462,w_127_lq.jpg,/Users/LeonhardS/Documents/CSE/courses/CS283_Computer_Vision/Project/Project_cs283/cache/lq/w_127_lq.jpg
284,152,128,128,694,462,w_128_lq.jpg,/Users/LeonhardS/Documents/CSE/courses/CS283_Computer_Vision/Project/Project_cs283/cache/lq/w_128_lq.jpg
264,267,128,128,694,462,w_129_lq.jpg,/Users/LeonhardS/Documents/CSE/courses/CS283_Computer_Vision/Project/Project_cs283/cache/lq/w_129_lq.jpg
279,221,128,128,694,462,w_12_lq.jpg,/Users/LeonhardS/Documents/CSE/courses/CS283_Computer_Vision/Project/Project_cs283/cache/lq/w_12_lq.jpg
334,170,128,128,694,462,w_130_lq.jpg,/Users/LeonhardS/Documents/CSE/courses/CS283_Computer_Vision/Project/Project_cs283/cache/lq/w_130_lq.jpg
282,125,128,128,694,462,w_131_lq.jpg,/Users/LeonhardS/Documents/CSE/courses/CS283_Computer_Vision/Project/Project_cs283/cache/lq/w_131_lq.jpg
280,132,128,128,694,462,w_132_lq.jpg,/Users/LeonhardS/Documents/CSE/courses/CS283_Computer_Vision/Project/Project_cs283/cache/lq/w_132_lq.jpg
303,191,128,128,694,462,w_133_lq.jpg,/Users/LeonhardS/Documents/CSE/courses/CS283_Computer_Vision/Project/Project_cs283/cache/lq/w_133_lq.jpg
365,122,128,128,694,462,w_134_lq.jpg,/Users/LeonhardS/Documents/CSE/courses/CS283_Computer_Vision/Project/Project_cs283/cache/lq/w_134_lq.jpg
290,192,128,128,694,462,w_135_lq.jpg,/Users/LeonhardS/Documents/CSE/courses/CS283_Computer_Vision/Project/Project_cs283/cache/lq/w_135_lq.jpg
353,167,128,128,694,462,w_136_lq.jpg,/Users/LeonhardS/Documents/CSE/courses/CS283_Computer_Vision/Project/Project_cs283/cache/lq/w_136_lq.jpg
293,103,128,128,694,462,w_137_lq.jpg,/Users/LeonhardS/Documents/CSE/courses/CS283_Computer_Vision/Project/Project_cs283/cache/lq/w_137_lq.jpg
321,142,128,128,694,462,w_138_lq.jpg,/Users/LeonhardS/Documents/CSE/courses/CS283_Computer_Vision/Project/Project_cs283/cache/lq/w_138_lq.jpg
235,148,128,128,694,462,w_139_lq.jpg,/Users/LeonhardS/Documents/CSE/courses/CS283_Computer_Vision/Project/Project_cs283/cache/lq/w_139_lq.jpg
310,151,128,128,694,462,w_13_lq.jpg,/Users/LeonhardS/Documents/CSE/courses/CS283_Computer_Vision/Project/Project_cs283/cache/lq/w_13_lq.jpg
268,141,128,128,694,462,w_140_lq.jpg,/Users/LeonhardS/Documents/CSE/courses/CS283_Computer_Vision/Project/Project_cs283/cache/lq/w_140_lq.jpg
267,266,128,128,694,462,w_141_lq.jpg,/Users/LeonhardS/Documents/CSE/courses/CS283_Computer_Vision/Project/Project_cs283/cache/lq/w_141_lq.jpg
442,152,128,128,694,462,w_142_lq.jpg,/Users/LeonhardS/Documents/CSE/courses/CS283_Computer_Vision/Project/Project_cs283/cache/lq/w_142_lq.jpg
296,170,128,128,694,462,w_143_lq.jpg,/Users/LeonhardS/Documents/CSE/courses/CS283_Computer_Vision/Project/Project_cs283/cache/lq/w_143_lq.jpg
225,125,128,128,694,462,w_144_lq.jpg,/Users/LeonhardS/Documents/CSE/courses/CS283_Computer_Vision/Project/Project_cs283/cache/lq/w_144_lq.jpg
257,113,128,128,694,462,w_145_lq.jpg,/Users/LeonhardS/Documents/CSE/courses/CS283_Computer_Vision/Project/Project_cs283/cache/lq/w_145_lq.jpg
313,213,128,128,694,462,w_146_lq.jpg,/Users/LeonhardS/Documents/CSE/courses/CS283_Computer_Vision/Project/Project_cs283/cache/lq/w_146_lq.jpg
281,105,128,128,694,462,w_147_lq.jpg,/Users/LeonhardS/Documents/CSE/courses/CS283_Computer_Vision/Project/Project_cs283/cache/lq/w_147_lq.jpg
271,230,128,128,694,462,w_148_lq.jpg,/Users/LeonhardS/Documents/CSE/courses/CS283_Computer_Vision/Project/Project_cs283/cache/lq/w_148_lq.jpg
246,132,128,128,694,462,w_149_lq.jpg,/Users/LeonhardS/Documents/CSE/courses/CS283_Computer_Vision/Project/Project_cs283/cache/lq/w_149_lq.jpg
248,197,128,128,694,462,w_14_lq.jpg,/Users/LeonhardS/Documents/CSE/courses/CS283_Computer_Vision/Project/Project_cs283/cache/lq/w_14_lq.jpg
250,169,128,128,694,462,w_150_lq.jpg,/Users/LeonhardS/Documents/CSE/courses/CS283_Computer_Vision/Project/Project_cs283/cache/lq/w_150_lq.jpg
225,191,128,128,694,462,w_151_lq.jpg,/Users/LeonhardS/Documents/CSE/courses/CS283_Computer_Vision/Project/Project_cs283/cache/lq/w_151_lq.jpg
243,109,128,128,694,462,w_152_lq.jpg,/Users/LeonhardS/Documents/CSE/courses/CS283_Computer_Vision/Project/Project_cs283/cache/lq/w_152_lq.jpg
253,164,128,128,694,462,w_153_lq.jpg,/Users/LeonhardS/Documents/CSE/courses/CS283_Computer_Vision/Project/Project_cs283/cache/lq/w_153_lq.jpg
378,163,128,128,694,462,w_154_lq.jpg,/Users/LeonhardS/Documents/CSE/courses/CS283_Computer_Vision/Project/Project_cs283/cache/lq/w_154_lq.jpg
270,179,128,128,694,462,w_155_lq.jpg,/Users/LeonhardS/Documents/CSE/courses/CS283_Computer_Vision/Project/Project_cs283/cache/lq/w_155_lq.jpg
165,246,128,128,694,462,w_156_lq.jpg,/Users/LeonhardS/Documents/CSE/courses/CS283_Computer_Vision/Project/Project_cs283/cache/lq/w_156_lq.jpg
267,223,128,128,694,462,w_157_lq.jpg,/Users/LeonhardS/Documents/CSE/courses/CS283_Computer_Vision/Project/Project_cs283/cache/lq/w_157_lq.jpg
314,152,128,128,694,462,w_158_lq.jpg,/Users/LeonhardS/Documents/CSE/courses/CS283_Computer_Vision/Project/Project_cs283/cache/lq/w_158_lq.jpg
290,161,128,128,694,462,w_159_lq.jpg,/Users/LeonhardS/Documents/CSE/courses/CS283_Computer_Vision/Project/Project_cs283/cache/lq/w_159_lq.jpg
224,106,128,128,694,462,w_15_lq.jpg,/Users/LeonhardS/Documents/CSE/courses/CS283_Computer_Vision/Project/Project_cs283/cache/lq/w_15_lq.jpg
260,112,128,128,694,462,w_160_lq.jpg,/Users/LeonhardS/Documents/CSE/courses/CS283_Computer_Vision/Project/Project_cs283/cache/lq/w_160_lq.jpg
291,151,128,128,694,462,w_161_lq.jpg,/Users/LeonhardS/Documents/CSE/courses/CS283_Computer_Vision/Project/Project_cs283/cache/lq/w_161_lq.jpg
261,217,128,128,694,462,w_162_lq.jpg,/Users/LeonhardS/Documents/CSE/courses/CS283_Computer_Vision/Project/Project_cs283/cache/lq/w_162_lq.jpg
239,140,128,128,694,462,w_163_lq.jpg,/Users/LeonhardS/Documents/CSE/courses/CS283_Computer_Vision/Project/Project_cs283/cache/lq/w_163_lq.jpg
308,151,128,128,694,462,w_164_lq.jpg,/Users/LeonhardS/Documents/CSE/courses/CS283_Computer_Vision/Project/Project_cs283/cache/lq/w_164_lq.jpg
237,185,128,128,694,462,w_165_lq.jpg,/Users/LeonhardS/Documents/CSE/courses/CS283_Computer_Vision/Project/Project_cs283/cache/lq/w_165_lq.jpg
331,142,128,128,694,462,w_166_lq.jpg,/Users/LeonhardS/Documents/CSE/courses/CS283_Computer_Vision/Project/Project_cs283/cache/lq/w_166_lq.jpg
255,111,128,128,694,462,w_167_lq.jpg,/Users/LeonhardS/Documents/CSE/courses/CS283_Computer_Vision/Project/Project_cs283/cache/lq/w_167_lq.jpg
310,124,128,128,694,462,w_168_lq.jpg,/Users/LeonhardS/Documents/CSE/courses/CS283_Computer_Vision/Project/Project_cs283/cache/lq/w_168_lq.jpg
209,222,128,128,694,462,w_169_lq.jpg,/Users/LeonhardS/Documents/CSE/courses/CS283_Computer_Vision/Project/Project_cs283/cache/lq/w_169_lq.jpg
206,182,128,128,694,462,w_16_lq.jpg,/Users/LeonhardS/Documents/CSE/courses/CS283_Computer_Vision/Project/Project_cs283/cache/lq/w_16_lq.jpg
295,150,128,128,694,462,w_170_lq.jpg,/Users/LeonhardS/Documents/CSE/courses/CS283_Computer_Vision/Project/Project_cs283/cache/lq/w_170_lq.jpg
291,208,128,128,694,462,w_171_lq.jpg,/Users/LeonhardS/Documents/CSE/courses/CS283_Computer_Vision/Project/Project_cs283/cache/lq/w_171_lq.jpg
322,176,128,128,694,462,w_172_lq.jpg,/Users/LeonhardS/Documents/CSE/courses/CS283_Computer_Vision/Project/Project_cs283/cache/lq/w_172_lq.jpg
291,214,128,128,694,462,w_173_lq.jpg,/Users/LeonhardS/Documents/CSE/courses/CS283_Computer_Vision/Project/Project_cs283/cache/lq/w_173_lq.jpg
298,85,128,128,694,462,w_174_lq.jpg,/Users/LeonhardS/Documents/CSE/courses/CS283_Computer_Vision/Project/Project_cs283/cache/lq/w_174_lq.jpg
392,197,128,128,694,462,w_175_lq.jpg,/Users/LeonhardS/Documents/CSE/courses/CS283_Computer_Vision/Project/Project_cs283/cache/lq/w_175_lq.jpg
230,225,128,128,694,462,w_176_lq.jpg,/Users/LeonhardS/Documents/CSE/courses/CS283_Computer_Vision/Project/Project_cs283/cache/lq/w_176_lq.jpg
212,207,128,128,694,462,w_177_lq.jpg,/Users/LeonhardS/Documents/CSE/courses/CS283_Computer_Vision/Project/Project_cs283/cache/lq/w_177_lq.jpg
269,163,128,128,694,462,w_178_lq.jpg,/Users/LeonhardS/Documents/CSE/courses/CS283_Computer_Vision/Project/Project_cs283/cache/lq/w_178_lq.jpg
221,144,128,128,694,462,w_179_lq.jpg,/Users/LeonhardS/Documents/CSE/courses/CS283_Computer_Vision/Project/Project_cs283/cache/lq/w_179_lq.jpg
298,119,128,128,694,462,w_17_lq.jpg,/Users/LeonhardS/Documents/CSE/courses/CS283_Computer_Vision/Project/Project_cs283/cache/lq/w_17_lq.jpg
276,197,128,128,694,462,w_180_lq.jpg,/Users/LeonhardS/Documents/CSE/courses/CS283_Computer_Vision/Project/Project_cs283/cache/lq/w_180_lq.jpg
192,228,128,128,694,462,w_181_lq.jpg,/Users/LeonhardS/Documents/CSE/courses/CS283_Computer_Vision/Project/Project_cs283/cache/lq/w_181_lq.jpg
222,229,128,128,694,462,w_182_lq.jpg,/Users/LeonhardS/Documents/CSE/courses/CS283_Computer_Vision/Project/Project_cs283/cache/lq/w_182_lq.jpg
266,107,128,128,694,462,w_183_lq.jpg,/Users/LeonhardS/Documents/CSE/courses/CS283_Computer_Vision/Project/Project_cs283/cache/lq/w_183_lq.jpg
311,176,128,128,694,462,w_184_lq.jpg,/Users/LeonhardS/Documents/CSE/courses/CS283_Computer_Vision/Project/Project_cs283/cache/lq/w_184_lq.jpg
282,207,128,128,694,462,w_185_lq.jpg,/Users/LeonhardS/Documents/CSE/courses/CS283_Computer_Vision/Project/Project_cs283/cache/lq/w_185_lq.jpg
211,150,128,128,694,462,w_186_lq.jpg,/Users/LeonhardS/Documents/CSE/courses/CS283_Computer_Vision/Project/Project_cs283/cache/lq/w_186_lq.jpg
177,152,128,128,694,462,w_187_lq.jpg,/Users/LeonhardS/Documents/CSE/courses/CS283_Computer_Vision/Project/Project_cs283/cache/lq/w_187_lq.jpg
153,223,128,128,694,462,w_188_lq.jpg,/Users/LeonhardS/Documents/CSE/courses/CS283_Computer_Vision/Project/Project_cs283/cache/lq/w_188_lq.jpg
221,146,128,128,694,462,w_189_lq.jpg,/Users/LeonhardS/Documents/CSE/courses/CS283_Computer_Vision/Project/Project_cs283/cache/lq/w_189_lq.jpg
272,174,128,128,694,462,w_18_lq.jpg,/Users/LeonhardS/Documents/CSE/courses/CS283_Computer_Vision/Project/Project_cs283/cache/lq/w_18_lq.jpg
316,137,128,128,694,462,w_190_lq.jpg,/Users/LeonhardS/Documents/CSE/courses/CS283_Computer_Vision/Project/Project_cs283/cache/lq/w_190_lq.jpg
268,184,128,128,694,462,w_191_lq.jpg,/Users/LeonhardS/Documents/CSE/courses/CS283_Computer_Vision/Project/Project_cs283/cache/lq/w_191_lq.jpg
230,274,128,128,694,462,w_192_lq.jpg,/Users/LeonhardS/Documents/CSE/courses/CS283_Computer_Vision/Project/Project_cs283/cache/lq/w_192_lq.jpg
283,129,128,128,694,462,w_193_lq.jpg,/Users/LeonhardS/Documents/CSE/courses/CS283_Computer_Vision/Project/Project_cs283/cache/lq/w_193_lq.jpg
161,195,128,128,694,462,w_194_lq.jpg,/Users/LeonhardS/Documents/CSE/courses/CS283_Computer_Vision/Project/Project_cs283/cache/lq/w_194_lq.jpg
203,155,128,128,694,462,w_195_lq.jpg,/Users/LeonhardS/Documents/CSE/courses/CS283_Computer_Vision/Project/Project_cs283/cache/lq/w_195_lq.jpg
255,176,128,128,694,462,w_196_lq.jpg,/Users/LeonhardS/Documents/CSE/courses/CS283_Computer_Vision/Project/Project_cs283/cache/lq/w_196_lq.jpg
285,240,128,128,694,462,w_197_lq.jpg,/Users/LeonhardS/Documents/CSE/courses/CS283_Computer_Vision/Project/Project_cs283/cache/lq/w_197_lq.jpg
299,149,128,128,694,462,w_198_lq.jpg,/Users/LeonhardS/Documents/CSE/courses/CS283_Computer_Vision/Project/Project_cs283/cache/lq/w_198_lq.jpg
312,139,128,128,694,462,w_199_lq.jpg,/Users/LeonhardS/Documents/CSE/courses/CS283_Computer_Vision/Project/Project_cs283/cache/lq/w_199_lq.jpg
261,191,128,128,694,462,w_19_lq.jpg,/Users/LeonhardS/Documents/CSE/courses/CS283_Computer_Vision/Project/Project_cs283/cache/lq/w_19_lq.jpg
291,150,128,128,694,462,w_1_lq.jpg,/Users/LeonhardS/Documents/CSE/courses/CS283_Computer_Vision/Project/Project_cs283/cache/lq/w_1_lq.jpg
312,125,128,128,694,462,w_200_lq.jpg,/Users/LeonhardS/Documents/CSE/courses/CS283_Computer_Vision/Project/Project_cs283/cache/lq/w_200_lq.jpg
363,175,128,128,694,462,w_201_lq.jpg,/Users/LeonhardS/Documents/CSE/courses/CS283_Computer_Vision/Project/Project_cs283/cache/lq/w_201_lq.jpg
257,174,128,128,694,462,w_202_lq.jpg,/Users/LeonhardS/Documents/CSE/courses/CS283_Computer_Vision/Project/Project_cs283/cache/lq/w_202_lq.jpg
253,54,128,128,694,462,w_203_lq.jpg,/Users/LeonhardS/Documents/CSE/courses/CS283_Computer_Vision/Project/Project_cs283/cache/lq/w_203_lq.jpg
300,212,128,128,694,462,w_204_lq.jpg,/Users/LeonhardS/Documents/CSE/courses/CS283_Computer_Vision/Project/Project_cs283/cache/lq/w_204_lq.jpg
326,174,128,128,694,462,w_205_lq.jpg,/Users/LeonhardS/Documents/CSE/courses/CS283_Computer_Vision/Project/Project_cs283/cache/lq/w_205_lq.jpg
220,27,128,128,694,462,w_206_lq.jpg,/Users/LeonhardS/Documents/CSE/courses/CS283_Computer_Vision/Project/Project_cs283/cache/lq/w_206_lq.jpg
296,134,128,128,694,462,w_207_lq.jpg,/Users/LeonhardS/Documents/CSE/courses/CS283_Computer_Vision/Project/Project_cs283/cache/lq/w_207_lq.jpg
256,183,128,128,694,462,w_208_lq.jpg,/Users/LeonhardS/Documents/CSE/courses/CS283_Computer_Vision/Project/Project_cs283/cache/lq/w_208_lq.jpg
178,94,128,128,694,462,w_209_lq.jpg,/Users/LeonhardS/Documents/CSE/courses/CS283_Computer_Vision/Project/Project_cs283/cache/lq/w_209_lq.jpg
242,218,128,128,694,462,w_20_lq.jpg,/Users/LeonhardS/Documents/CSE/courses/CS283_Computer_Vision/Project/Project_cs283/cache/lq/w_20_lq.jpg
282,152,128,128,694,462,w_210_lq.jpg,/Users/LeonhardS/Documents/CSE/courses/CS283_Computer_Vision/Project/Project_cs283/cache/lq/w_210_lq.jpg
348,241,128,128,694,462,w_211_lq.jpg,/Users/LeonhardS/Documents/CSE/courses/CS283_Computer_Vision/Project/Project_cs283/cache/lq/w_211_lq.jpg
276,148,128,128,694,462,w_212_lq.jpg,/Users/LeonhardS/Documents/CSE/courses/CS283_Computer_Vision/Project/Project_cs283/cache/lq/w_212_lq.jpg
285,162,128,128,694,462,w_213_lq.jpg,/Users/LeonhardS/Documents/CSE/courses/CS283_Computer_Vision/Project/Project_cs283/cache/lq/w_213_lq.jpg
323,233,128,128,694,462,w_214_lq.jpg,/Users/LeonhardS/Documents/CSE/courses/CS283_Computer_Vision/Project/Project_cs283/cache/lq/w_214_lq.jpg
218,92,128,128,694,462,w_215_lq.jpg,/Users/LeonhardS/Documents/CSE/courses/CS283_Computer_Vision/Project/Project_cs283/cache/lq/w_215_lq.jpg
279,137,128,128,694,462,w_216_lq.jpg,/Users/LeonhardS/Documents/CSE/courses/CS283_Computer_Vision/Project/Project_cs283/cache/lq/w_216_lq.jpg
274,126,128,128,694,462,w_217_lq.jpg,/Users/LeonhardS/Documents/CSE/courses/CS283_Computer_Vision/Project/Project_cs283/cache/lq/w_217_lq.jpg
275,130,128,128,694,462,w_218_lq.jpg,/Users/LeonhardS/Documents/CSE/courses/CS283_Computer_Vision/Project/Project_cs283/cache/lq/w_218_lq.jpg
260,192,128,128,694,462,w_219_lq.jpg,/Users/LeonhardS/Documents/CSE/courses/CS283_Computer_Vision/Project/Project_cs283/cache/lq/w_219_lq.jpg
230,189,128,128,694,462,w_21_lq.jpg,/Users/LeonhardS/Documents/CSE/courses/CS283_Computer_Vision/Project/Project_cs283/cache/lq/w_21_lq.jpg
133,143,128,128,694,462,w_220_lq.jpg,/Users/LeonhardS/Documents/CSE/courses/CS283_Computer_Vision/Project/Project_cs283/cache/lq/w_220_lq.jpg
287,163,128,128,694,462,w_221_lq.jpg,/Users/LeonhardS/Documents/CSE/courses/CS283_Computer_Vision/Project/Project_cs283/cache/lq/w_221_lq.jpg
177,196,128,128,694,462,w_222_lq.jpg,/Users/LeonhardS/Documents/CSE/courses/CS283_Computer_Vision/Project/Project_cs283/cache/lq/w_222_lq.jpg
234,175,128,128,694,462,w_223_lq.jpg,/Users/LeonhardS/Documents/CSE/courses/CS283_Computer_Vision/Project/Project_cs283/cache/lq/w_223_lq.jpg
327,45,128,128,694,462,w_224_lq.jpg,/Users/LeonhardS/Documents/CSE/courses/CS283_Computer_Vision/Project/Project_cs283/cache/lq/w_224_lq.jpg
196,186,128,128,694,462,w_225_lq.jpg,/Users/LeonhardS/Documents/CSE/courses/CS283_Computer_Vision/Project/Project_cs283/cache/lq/w_225_lq.jpg
293,15,128,128,694,462,w_226_lq.jpg,/Users/LeonhardS/Documents/CSE/courses/CS283_Computer_Vision/Project/Project_cs283/cache/lq/w_226_lq.jpg
257,101,128,128,694,462,w_227_lq.jpg,/Users/LeonhardS/Documents/CSE/courses/CS283_Computer_Vision/Project/Project_cs283/cache/lq/w_227_lq.jpg
318,80,128,128,694,462,w_228_lq.jpg,/Users/LeonhardS/Documents/CSE/courses/CS283_Computer_Vision/Project/Project_cs283/cache/lq/w_228_lq.jpg
365,157,128,128,694,462,w_229_lq.jpg,/Users/LeonhardS/Documents/CSE/courses/CS283_Computer_Vision/Project/Project_cs283/cache/lq/w_229_lq.jpg
278,184,128,128,694,462,w_22_lq.jpg,/Users/LeonhardS/Documents/CSE/courses/CS283_Computer_Vision/Project/Project_cs283/cache/lq/w_22_lq.jpg
272,167,128,128,694,462,w_230_lq.jpg,/Users/LeonhardS/Documents/CSE/courses/CS283_Computer_Vision/Project/Project_cs283/cache/lq/w_230_lq.jpg
282,160,128,128,694,462,w_231_lq.jpg,/Users/LeonhardS/Documents/CSE/courses/CS283_Computer_Vision/Project/Project_cs283/cache/lq/w_231_lq.jpg
255,177,128,128,694,462,w_232_lq.jpg,/Users/LeonhardS/Documents/CSE/courses/CS283_Computer_Vision/Project/Project_cs283/cache/lq/w_232_lq.jpg
461,167,128,128,694,462,w_233_lq.jpg,/Users/LeonhardS/Documents/CSE/courses/CS283_Computer_Vision/Project/Project_cs283/cache/lq/w_233_lq.jpg
243,187,128,128,694,462,w_234_lq.jpg,/Users/LeonhardS/Documents/CSE/courses/CS283_Computer_Vision/Project/Project_cs283/cache/lq/w_234_lq.jpg
392,161,128,128,694,462,w_235_lq.jpg,/Users/LeonhardS/Documents/CSE/courses/CS283_Computer_Vision/Project/Project_cs283/cache/lq/w_235_lq.jpg
267,175,128,128,694,462,w_236_lq.jpg,/Users/LeonhardS/Documents/CSE/courses/CS283_Computer_Vision/Project/Project_cs283/cache/lq/w_236_lq.jpg
240,171,128,128,694,462,w_237_lq.jpg,/Users/LeonhardS/Documents/CSE/courses/CS283_Computer_Vision/Project/Project_cs283/cache/lq/w_237_lq.jpg
233,209,128,128,694,462,w_238_lq.jpg,/Users/LeonhardS/Documents/CSE/courses/CS283_Computer_Vision/Project/Project_cs283/cache/lq/w_238_lq.jpg
269,182,128,128,694,462,w_239_lq.jpg,/Users/LeonhardS/Documents/CSE/courses/CS283_Computer_Vision/Project/Project_cs283/cache/lq/w_239_lq.jpg
289,217,128,128,694,462,w_23_lq.jpg,/Users/LeonhardS/Documents/CSE/courses/CS283_Computer_Vision/Project/Project_cs283/cache/lq/w_23_lq.jpg
278,187,128,128,694,462,w_240_lq.jpg,/Users/LeonhardS/Documents/CSE/courses/CS283_Computer_Vision/Project/Project_cs283/cache/lq/w_240_lq.jpg
117,297,128,128,694,462,w_241_lq.jpg,/Users/LeonhardS/Documents/CSE/courses/CS283_Computer_Vision/Project/Project_cs283/cache/lq/w_241_lq.jpg
307,197,128,128,694,462,w_242_lq.jpg,/Users/LeonhardS/Documents/CSE/courses/CS283_Computer_Vision/Project/Project_cs283/cache/lq/w_242_lq.jpg
224,139,128,128,694,462,w_243_lq.jpg,/Users/LeonhardS/Documents/CSE/courses/CS283_Computer_Vision/Project/Project_cs283/cache/lq/w_243_lq.jpg
261,209,128,128,694,462,w_244_lq.jpg,/Users/LeonhardS/Documents/CSE/courses/CS283_Computer_Vision/Project/Project_cs283/cache/lq/w_244_lq.jpg
337,172,128,128,694,462,w_245_lq.jpg,/Users/LeonhardS/Documents/CSE/courses/CS283_Computer_Vision/Project/Project_cs283/cache/lq/w_245_lq.jpg
265,222,128,128,694,462,w_246_lq.jpg,/Users/LeonhardS/Documents/CSE/courses/CS283_Computer_Vision/Project/Project_cs283/cache/lq/w_246_lq.jpg
283,167,128,128,694,462,w_247_lq.jpg,/Users/LeonhardS/Documents/CSE/courses/CS283_Computer_Vision/Project/Project_cs283/cache/lq/w_247_lq.jpg
269,133,128,128,694,462,w_248_lq.jpg,/Users/LeonhardS/Documents/CSE/courses/CS283_Computer_Vision/Project/Project_cs283/cache/lq/w_248_lq.jpg
228,105,128,128,694,462,w_249_lq.jpg,/Users/LeonhardS/Documents/CSE/courses/CS283_Computer_Vision/Project/Project_cs283/cache/lq/w_249_lq.jpg
350,266,128,128,694,462,w_24_lq.jpg,/Users/LeonhardS/Documents/CSE/courses/CS283_Computer_Vision/Project/Project_cs283/cache/lq/w_24_lq.jpg
301,217,128,128,694,462,w_250_lq.jpg,/Users/LeonhardS/Documents/CSE/courses/CS283_Computer_Vision/Project/Project_cs283/cache/lq/w_250_lq.jpg
178,238,128,128,694,462,w_251_lq.jpg,/Users/LeonhardS/Documents/CSE/courses/CS283_Computer_Vision/Project/Project_cs283/cache/lq/w_251_lq.jpg
170,158,128,128,694,462,w_252_lq.jpg,/Users/LeonhardS/Documents/CSE/courses/CS283_Computer_Vision/Project/Project_cs283/cache/lq/w_252_lq.jpg
342,179,128,128,694,462,w_253_lq.jpg,/Users/LeonhardS/Documents/CSE/courses/CS283_Computer_Vision/Project/Project_cs283/cache/lq/w_253_lq.jpg
255,200,128,128,694,462,w_254_lq.jpg,/Users/LeonhardS/Documents/CSE/courses/CS283_Computer_Vision/Project/Project_cs283/cache/lq/w_254_lq.jpg
323,150,128,128,694,462,w_255_lq.jpg,/Users/LeonhardS/Documents/CSE/courses/CS283_Computer_Vision/Project/Project_cs283/cache/lq/w_255_lq.jpg
324,228,128,128,694,462,w_256_lq.jpg,/Users/LeonhardS/Documents/CSE/courses/CS283_Computer_Vision/Project/Project_cs283/cache/lq/w_256_lq.jpg
356,189,128,128,694,462,w_257_lq.jpg,/Users/LeonhardS/Documents/CSE/courses/CS283_Computer_Vision/Project/Project_cs283/cache/lq/w_257_lq.jpg
274,142,128,128,694,462,w_258_lq.jpg,/Users/LeonhardS/Documents/CSE/courses/CS283_Computer_Vision/Project/Project_cs283/cache/lq/w_258_lq.jpg
285,294,128,128,694,462,w_259_lq.jpg,/Users/LeonhardS/Documents/CSE/courses/CS283_Computer_Vision/Project/Project_cs283/cache/lq/w_259_lq.jpg
280,112,128,128,694,462,w_25_lq.jpg,/Users/LeonhardS/Documents/CSE/courses/CS283_Computer_Vision/Project/Project_cs283/cache/lq/w_25_lq.jpg
124,320,128,128,694,462,w_260_lq.jpg,/Users/LeonhardS/Documents/CSE/courses/CS283_Computer_Vision/Project/Project_cs283/cache/lq/w_260_lq.jpg
261,146,128,128,694,462,w_261_lq.jpg,/Users/LeonhardS/Documents/CSE/courses/CS283_Computer_Vision/Project/Project_cs283/cache/lq/w_261_lq.jpg
375,222,128,128,694,462,w_262_lq.jpg,/Users/LeonhardS/Documents/CSE/courses/CS283_Computer_Vision/Project/Project_cs283/cache/lq/w_262_lq.jpg
294,182,128,128,694,462,w_263_lq.jpg,/Users/LeonhardS/Documents/CSE/courses/CS283_Computer_Vision/Project/Project_cs283/cache/lq/w_263_lq.jpg
269,222,128,128,694,462,w_264_lq.jpg,/Users/LeonhardS/Documents/CSE/courses/CS283_Computer_Vision/Project/Project_cs283/cache/lq/w_264_lq.jpg
116,236,128,128,694,462,w_265_lq.jpg,/Users/LeonhardS/Documents/CSE/courses/CS283_Computer_Vision/Project/Project_cs283/cache/lq/w_265_lq.jpg
345,39,128,128,694,462,w_266_lq.jpg,/Users/LeonhardS/Documents/CSE/courses/CS283_Computer_Vision/Project/Project_cs283/cache/lq/w_266_lq.jpg
286,157,128,128,694,462,w_267_lq.jpg,/Users/LeonhardS/Documents/CSE/courses/CS283_Computer_Vision/Project/Project_cs283/cache/lq/w_267_lq.jpg
202,110,128,128,694,462,w_268_lq.jpg,/Users/LeonhardS/Documents/CSE/courses/CS283_Computer_Vision/Project/Project_cs283/cache/lq/w_268_lq.jpg
162,170,128,128,694,462,w_269_lq.jpg,/Users/LeonhardS/Documents/CSE/courses/CS283_Computer_Vision/Project/Project_cs283/cache/lq/w_269_lq.jpg
309,174,128,128,694,462,w_26_lq.jpg,/Users/LeonhardS/Documents/CSE/courses/CS283_Computer_Vision/Project/Project_cs283/cache/lq/w_26_lq.jpg
387,187,128,128,694,462,w_270_lq.jpg,/Users/LeonhardS/Documents/CSE/courses/CS283_Computer_Vision/Project/Project_cs283/cache/lq/w_270_lq.jpg
183,162,128,128,694,462,w_271_lq.jpg,/Users/LeonhardS/Documents/CSE/courses/CS283_Computer_Vision/Project/Project_cs283/cache/lq/w_271_lq.jpg
353,104,128,128,694,462,w_272_lq.jpg,/Users/LeonhardS/Documents/CSE/courses/CS283_Computer_Vision/Project/Project_cs283/cache/lq/w_272_lq.jpg
463,111,128,128,694,462,w_273_lq.jpg,/Users/LeonhardS/Documents/CSE/courses/CS283_Computer_Vision/Project/Project_cs283/cache/lq/w_273_lq.jpg
239,202,128,128,694,462,w_274_lq.jpg,/Users/LeonhardS/Documents/CSE/courses/CS283_Computer_Vision/Project/Project_cs283/cache/lq/w_274_lq.jpg
209,186,128,128,694,462,w_275_lq.jpg,/Users/LeonhardS/Documents/CSE/courses/CS283_Computer_Vision/Project/Project_cs283/cache/lq/w_275_lq.jpg
227,186,128,128,694,462,w_276_lq.jpg,/Users/LeonhardS/Documents/CSE/courses/CS283_Computer_Vision/Project/Project_cs283/cache/lq/w_276_lq.jpg
278,155,128,128,694,462,w_277_lq.jpg,/Users/LeonhardS/Documents/CSE/courses/CS283_Computer_Vision/Project/Project_cs283/cache/lq/w_277_lq.jpg
253,130,128,128,694,462,w_278_lq.jpg,/Users/LeonhardS/Documents/CSE/courses/CS283_Computer_Vision/Project/Project_cs283/cache/lq/w_278_lq.jpg
255,217,128,128,694,462,w_279_lq.jpg,/Users/LeonhardS/Documents/CSE/courses/CS283_Computer_Vision/Project/Project_cs283/cache/lq/w_279_lq.jpg
286,110,128,128,694,462,w_27_lq.jpg,/Users/LeonhardS/Documents/CSE/courses/CS283_Computer_Vision/Project/Project_cs283/cache/lq/w_27_lq.jpg
296,71,128,128,694,462,w_280_lq.jpg,/Users/LeonhardS/Documents/CSE/courses/CS283_Computer_Vision/Project/Project_cs283/cache/lq/w_280_lq.jpg
371,208,128,128,694,462,w_281_lq.jpg,/Users/LeonhardS/Documents/CSE/courses/CS283_Computer_Vision/Project/Project_cs283/cache/lq/w_281_lq.jpg
266,120,128,128,694,462,w_282_lq.jpg,/Users/LeonhardS/Documents/CSE/courses/CS283_Computer_Vision/Project/Project_cs283/cache/lq/w_282_lq.jpg
229,200,128,128,694,462,w_283_lq.jpg,/Users/LeonhardS/Documents/CSE/courses/CS283_Computer_Vision/Project/Project_cs283/cache/lq/w_283_lq.jpg
255,169,128,128,694,462,w_284_lq.jpg,/Users/LeonhardS/Documents/CSE/courses/CS283_Computer_Vision/Project/Project_cs283/cache/lq/w_284_lq.jpg
259,175,128,128,694,462,w_285_lq.jpg,/Users/LeonhardS/Documents/CSE/courses/CS283_Computer_Vision/Project/Project_cs283/cache/lq/w_285_lq.jpg
284,136,128,128,694,462,w_286_lq.jpg,/Users/LeonhardS/Documents/CSE/courses/CS283_Computer_Vision/Project/Project_cs283/cache/lq/w_286_lq.jpg
198,81,128,128,694,462,w_287_lq.jpg,/Users/LeonhardS/Documents/CSE/courses/CS283_Computer_Vision/Project/Project_cs283/cache/lq/w_287_lq.jpg
285,260,128,128,694,462,w_288_lq.jpg,/Users/LeonhardS/Documents/CSE/courses/CS283_Computer_Vision/Project/Project_cs283/cache/lq/w_288_lq.jpg
41,164,128,128,694,462,w_289_lq.jpg,/Users/LeonhardS/Documents/CSE/courses/CS283_Computer_Vision/Project/Project_cs283/cache/lq/w_289_lq.jpg
248,157,128,128,694,462,w_28_lq.jpg,/Users/LeonhardS/Documents/CSE/courses/CS283_Computer_Vision/Project/Project_cs283/cache/lq/w_28_lq.jpg
246,165,128,128,694,462,w_290_lq.jpg,/Users/LeonhardS/Documents/CSE/courses/CS283_Computer_Vision/Project/Project_cs283/cache/lq/w_290_lq.jpg
338,171,128,128,694,462,w_291_lq.jpg,/Users/LeonhardS/Documents/CSE/courses/CS283_Computer_Vision/Project/Project_cs283/cache/lq/w_291_lq.jpg
285,192,128,128,694,462,w_292_lq.jpg,/Users/LeonhardS/Documents/CSE/courses/CS283_Computer_Vision/Project/Project_cs283/cache/lq/w_292_lq.jpg
191,322,128,128,694,462,w_293_lq.jpg,/Users/LeonhardS/Documents/CSE/courses/CS283_Computer_Vision/Project/Project_cs283/cache/lq/w_293_lq.jpg
253,173,128,128,694,462,w_294_lq.jpg,/Users/LeonhardS/Documents/CSE/courses/CS283_Computer_Vision/Project/Project_cs283/cache/lq/w_294_lq.jpg
183,43,128,128,694,462,w_295_lq.jpg,/Users/LeonhardS/Documents/CSE/courses/CS283_Computer_Vision/Project/Project_cs283/cache/lq/w_295_lq.jpg
432,209,128,128,694,462,w_296_lq.jpg,/Users/LeonhardS/Documents/CSE/courses/CS283_Computer_Vision/Project/Project_cs283/cache/lq/w_296_lq.jpg
164,199,128,128,694,462,w_297_lq.jpg,/Users/LeonhardS/Documents/CSE/courses/CS283_Computer_Vision/Project/Project_cs283/cache/lq/w_297_lq.jpg
176,142,128,128,694,462,w_298_lq.jpg,/Users/LeonhardS/Documents/CSE/courses/CS283_Computer_Vision/Project/Project_cs283/cache/lq/w_298_lq.jpg
293,207,128,128,694,462,w_299_lq.jpg,/Users/LeonhardS/Documents/CSE/courses/CS283_Computer_Vision/Project/Project_cs283/cache/lq/w_299_lq.jpg
286,169,128,128,694,462,w_29_lq.jpg,/Users/LeonhardS/Documents/CSE/courses/CS283_Computer_Vision/Project/Project_cs283/cache/lq/w_29_lq.jpg
162,169,128,128,694,462,w_2_lq.jpg,/Users/LeonhardS/Documents/CSE/courses/CS283_Computer_Vision/Project/Project_cs283/cache/lq/w_2_lq.jpg
217,187,128,128,694,462,w_300_lq.jpg,/Users/LeonhardS/Documents/CSE/courses/CS283_Computer_Vision/Project/Project_cs283/cache/lq/w_300_lq.jpg
261,195,128,128,694,462,w_301_lq.jpg,/Users/LeonhardS/Documents/CSE/courses/CS283_Computer_Vision/Project/Project_cs283/cache/lq/w_301_lq.jpg
284,201,128,128,694,462,w_302_lq.jpg,/Users/LeonhardS/Documents/CSE/courses/CS283_Computer_Vision/Project/Project_cs283/cache/lq/w_302_lq.jpg
339,240,128,128,694,462,w_303_lq.jpg,/Users/LeonhardS/Documents/CSE/courses/CS283_Computer_Vision/Project/Project_cs283/cache/lq/w_303_lq.jpg
218,199,128,128,694,462,w_304_lq.jpg,/Users/LeonhardS/Documents/CSE/courses/CS283_Computer_Vision/Project/Project_cs283/cache/lq/w_304_lq.jpg
256,216,128,128,694,462,w_305_lq.jpg,/Users/LeonhardS/Documents/CSE/courses/CS283_Computer_Vision/Project/Project_cs283/cache/lq/w_305_lq.jpg
245,108,128,128,694,462,w_306_lq.jpg,/Users/LeonhardS/Documents/CSE/courses/CS283_Computer_Vision/Project/Project_cs283/cache/lq/w_306_lq.jpg
303,114,128,128,694,462,w_307_lq.jpg,/Users/LeonhardS/Documents/CSE/courses/CS283_Computer_Vision/Project/Project_cs283/cache/lq/w_307_lq.jpg
230,78,128,128,694,462,w_308_lq.jpg,/Users/LeonhardS/Documents/CSE/courses/CS283_Computer_Vision/Project/Project_cs283/cache/lq/w_308_lq.jpg
348,205,128,128,694,462,w_309_lq.jpg,/Users/LeonhardS/Documents/CSE/courses/CS283_Computer_Vision/Project/Project_cs283/cache/lq/w_309_lq.jpg
113,164,128,128,694,462,w_30_lq.jpg,/Users/LeonhardS/Documents/CSE/courses/CS283_Computer_Vision/Project/Project_cs283/cache/lq/w_30_lq.jpg
313,200,128,128,694,462,w_310_lq.jpg,/Users/LeonhardS/Documents/CSE/courses/CS283_Computer_Vision/Project/Project_cs283/cache/lq/w_310_lq.jpg
427,151,128,128,694,462,w_311_lq.jpg,/Users/LeonhardS/Documents/CSE/courses/CS283_Computer_Vision/Project/Project_cs283/cache/lq/w_311_lq.jpg
397,159,128,128,694,462,w_312_lq.jpg,/Users/LeonhardS/Documents/CSE/courses/CS283_Computer_Vision/Project/Project_cs283/cache/lq/w_312_lq.jpg
256,137,128,128,694,462,w_313_lq.jpg,/Users/LeonhardS/Documents/CSE/courses/CS283_Computer_Vision/Project/Project_cs283/cache/lq/w_313_lq.jpg
269,151,128,128,694,462,w_314_lq.jpg,/Users/LeonhardS/Documents/CSE/courses/CS283_Computer_Vision/Project/Project_cs283/cache/lq/w_314_lq.jpg
100,155,128,128,694,462,w_315_lq.jpg,/Users/LeonhardS/Documents/CSE/courses/CS283_Computer_Vision/Project/Project_cs283/cache/lq/w_315_lq.jpg
226,186,128,128,694,462,w_316_lq.jpg,/Users/LeonhardS/Documents/CSE/courses/CS283_Computer_Vision/Project/Project_cs283/cache/lq/w_316_lq.jpg
391,288,128,128,694,462,w_317_lq.jpg,/Users/LeonhardS/Documents/CSE/courses/CS283_Computer_Vision/Project/Project_cs283/cache/lq/w_317_lq.jpg
276,74,128,128,694,462,w_318_lq.jpg,/Users/LeonhardS/Documents/CSE/courses/CS283_Computer_Vision/Project/Project_cs283/cache/lq/w_318_lq.jpg
316,231,128,128,694,462,w_319_lq.jpg,/Users/LeonhardS/Documents/CSE/courses/CS283_Computer_Vision/Project/Project_cs283/cache/lq/w_319_lq.jpg
219,219,128,128,694,462,w_31_lq.jpg,/Users/LeonhardS/Documents/CSE/courses/CS283_Computer_Vision/Project/Project_cs283/cache/lq/w_31_lq.jpg
241,203,128,128,694,462,w_320_lq.jpg,/Users/LeonhardS/Documents/CSE/courses/CS283_Computer_Vision/Project/Project_cs283/cache/lq/w_320_lq.jpg
377,150,128,128,694,462,w_321_lq.jpg,/Users/LeonhardS/Documents/CSE/courses/CS283_Computer_Vision/Project/Project_cs283/cache/lq/w_321_lq.jpg
345,178,128,128,694,462,w_322_lq.jpg,/Users/LeonhardS/Documents/CSE/courses/CS283_Computer_Vision/Project/Project_cs283/cache/lq/w_322_lq.jpg
298,129,128,128,694,462,w_323_lq.jpg,/Users/LeonhardS/Documents/CSE/courses/CS283_Computer_Vision/Project/Project_cs283/cache/lq/w_323_lq.jpg
352,125,128,128,694,462,w_324_lq.jpg,/Users/LeonhardS/Documents/CSE/courses/CS283_Computer_Vision/Project/Project_cs283/cache/lq/w_324_lq.jpg
291,126,128,128,694,462,w_325_lq.jpg,/Users/LeonhardS/Documents/CSE/courses/CS283_Computer_Vision/Project/Project_cs283/cache/lq/w_325_lq.jpg
305,168,128,128,694,462,w_326_lq.jpg,/Users/LeonhardS/Documents/CSE/courses/CS283_Computer_Vision/Project/Project_cs283/cache/lq/w_326_lq.jpg
285,195,128,128,694,462,w_327_lq.jpg,/Users/LeonhardS/Documents/CSE/courses/CS283_Computer_Vision/Project/Project_cs283/cache/lq/w_327_lq.jpg
304,142,128,128,694,462,w_328_lq.jpg,/Users/LeonhardS/Documents/CSE/courses/CS283_Computer_Vision/Project/Project_cs283/cache/lq/w_328_lq.jpg
278,162,128,128,694,462,w_329_lq.jpg,/Users/LeonhardS/Documents/CSE/courses/CS283_Computer_Vision/Project/Project_cs283/cache/lq/w_329_lq.jpg
273,59,128,128,694,462,w_32_lq.jpg,/Users/LeonhardS/Documents/CSE/courses/CS283_Computer_Vision/Project/Project_cs283/cache/lq/w_32_lq.jpg
232,180,128,128,694,462,w_330_lq.jpg,/Users/LeonhardS/Documents/CSE/courses/CS283_Computer_Vision/Project/Project_cs283/cache/lq/w_330_lq.jpg
241,123,128,128,694,462,w_331_lq.jpg,/Users/LeonhardS/Documents/CSE/courses/CS283_Computer_Vision/Project/Project_cs283/cache/lq/w_331_lq.jpg
247,217,128,128,694,462,w_332_lq.jpg,/Users/LeonhardS/Documents/CSE/courses/CS283_Computer_Vision/Project/Project_cs283/cache/lq/w_332_lq.jpg
165,247,128,128,694,462,w_333_lq.jpg,/Users/LeonhardS/Documents/CSE/courses/CS283_Computer_Vision/Project/Project_cs283/cache/lq/w_333_lq.jpg
301,149,128,128,694,462,w_334_lq.jpg,/Users/LeonhardS/Documents/CSE/courses/CS283_Computer_Vision/Project/Project_cs283/cache/lq/w_334_lq.jpg
283,195,128,128,694,462,w_335_lq.jpg,/Users/LeonhardS/Documents/CSE/courses/CS283_Computer_Vision/Project/Project_cs283/cache/lq/w_335_lq.jpg
260,182,128,128,694,462,w_336_lq.jpg,/Users/LeonhardS/Documents/CSE/courses/CS283_Computer_Vision/Project/Project_cs283/cache/lq/w_336_lq.jpg
219,163,128,128,694,462,w_337_lq.jpg,/Users/LeonhardS/Documents/CSE/courses/CS283_Computer_Vision/Project/Project_cs283/cache/lq/w_337_lq.jpg
332,118,128,128,694,462,w_338_lq.jpg,/Users/LeonhardS/Documents/CSE/courses/CS283_Computer_Vision/Project/Project_cs283/cache/lq/w_338_lq.jpg
330,114,128,128,694,462,w_339_lq.jpg,/Users/LeonhardS/Documents/CSE/courses/CS283_Computer_Vision/Project/Project_cs283/cache/lq/w_339_lq.jpg
226,169,128,128,694,462,w_33_lq.jpg,/Users/LeonhardS/Documents/CSE/courses/CS283_Computer_Vision/Project/Project_cs283/cache/lq/w_33_lq.jpg
296,172,128,128,694,462,w_340_lq.jpg,/Users/LeonhardS/Documents/CSE/courses/CS283_Computer_Vision/Project/Project_cs283/cache/lq/w_340_lq.jpg
343,281,128,128,694,462,w_341_lq.jpg,/Users/LeonhardS/Documents/CSE/courses/CS283_Computer_Vision/Project/Project_cs283/cache/lq/w_341_lq.jpg
263,154,128,128,694,462,w_342_lq.jpg,/Users/LeonhardS/Documents/CSE/courses/CS283_Computer_Vision/Project/Project_cs283/cache/lq/w_342_lq.jpg
222,235,128,128,694,462,w_343_lq.jpg,/Users/LeonhardS/Documents/CSE/courses/CS283_Computer_Vision/Project/Project_cs283/cache/lq/w_343_lq.jpg
283,167,128,128,694,462,w_344_lq.jpg,/Users/LeonhardS/Documents/CSE/courses/CS283_Computer_Vision/Project/Project_cs283/cache/lq/w_344_lq.jpg
245,99,128,128,694,462,w_345_lq.jpg,/Users/LeonhardS/Documents/CSE/courses/CS283_Computer_Vision/Project/Project_cs283/cache/lq/w_345_lq.jpg
283,209,128,128,694,462,w_346_lq.jpg,/Users/LeonhardS/Documents/CSE/courses/CS283_Computer_Vision/Project/Project_cs283/cache/lq/w_346_lq.jpg
283,125,128,128,694,462,w_347_lq.jpg,/Users/LeonhardS/Documents/CSE/courses/CS283_Computer_Vision/Project/Project_cs283/cache/lq/w_347_lq.jpg
283,167,128,128,694,462,w_348_lq.jpg,/Users/LeonhardS/Documents/CSE/courses/CS283_Computer_Vision/Project/Project_cs283/cache/lq/w_348_lq.jpg
251,101,128,128,694,462,w_349_lq.jpg,/Users/LeonhardS/Documents/CSE/courses/CS283_Computer_Vision/Project/Project_cs283/cache/lq/w_349_lq.jpg
307,158,128,128,694,462,w_34_lq.jpg,/Users/LeonhardS/Documents/CSE/courses/CS283_Computer_Vision/Project/Project_cs283/cache/lq/w_34_lq.jpg
241,280,128,128,694,462,w_350_lq.jpg,/Users/LeonhardS/Documents/CSE/courses/CS283_Computer_Vision/Project/Project_cs283/cache/lq/w_350_lq.jpg
216,149,128,128,694,462,w_351_lq.jpg,/Users/LeonhardS/Documents/CSE/courses/CS283_Computer_Vision/Project/Project_cs283/cache/lq/w_351_lq.jpg
283,167,128,128,694,462,w_352_lq.jpg,/Users/LeonhardS/Documents/CSE/courses/CS283_Computer_Vision/Project/Project_cs283/cache/lq/w_352_lq.jpg
283,167,128,128,694,462,w_353_lq.jpg,/Users/LeonhardS/Documents/CSE/courses/CS283_Computer_Vision/Project/Project_cs283/cache/lq/w_353_lq.jpg
380,201,128,128,694,462,w_354_lq.jpg,/Users/LeonhardS/Documents/CSE/courses/CS283_Computer_Vision/Project/Project_cs283/cache/lq/w_354_lq.jpg
268,186,128,128,694,462,w_355_lq.jpg,/Users/LeonhardS/Documents/CSE/courses/CS283_Computer_Vision/Project/Project_cs283/cache/lq/w_355_lq.jpg
181,271,128,128,694,462,w_356_lq.jpg,/Users/LeonhardS/Documents/CSE/courses/CS283_Computer_Vision/Project/Project_cs283/cache/lq/w_356_lq.jpg
231,225,128,128,694,462,w_357_lq.jpg,/Users/LeonhardS/Documents/CSE/courses/CS283_Computer_Vision/Project/Project_cs283/cache/lq/w_357_lq.jpg
333,160,128,128,694,462,w_358_lq.jpg,/Users/LeonhardS/Documents/CSE/courses/CS283_Computer_Vision/Project/Project_cs283/cache/lq/w_358_lq.jpg
258,167,128,128,694,462,w_359_lq.jpg,/Users/LeonhardS/Documents/CSE/courses/CS283_Computer_Vision/Project/Project_cs283/cache/lq/w_359_lq.jpg
289,143,128,128,694,462,w_35_lq.jpg,/Users/LeonhardS/Documents/CSE/courses/CS283_Computer_Vision/Project/Project_cs283/cache/lq/w_35_lq.jpg
293,145,128,128,694,462,w_360_lq.jpg,/Users/LeonhardS/Documents/CSE/courses/CS283_Computer_Vision/Project/Project_cs283/cache/lq/w_360_lq.jpg
308,152,128,128,694,462,w_361_lq.jpg,/Users/LeonhardS/Documents/CSE/courses/CS283_Computer_Vision/Project/Project_cs283/cache/lq/w_361_lq.jpg
343,26,128,128,694,462,w_362_lq.jpg,/Users/LeonhardS/Documents/CSE/courses/CS283_Computer_Vision/Project/Project_cs283/cache/lq/w_362_lq.jpg
313,161,128,128,694,462,w_363_lq.jpg,/Users/LeonhardS/Documents/CSE/courses/CS283_Computer_Vision/Project/Project_cs283/cache/lq/w_363_lq.jpg
279,92,128,128,694,462,w_364_lq.jpg,/Users/LeonhardS/Documents/CSE/courses/CS283_Computer_Vision/Project/Project_cs283/cache/lq/w_364_lq.jpg
286,176,128,128,694,462,w_365_lq.jpg,/Users/LeonhardS/Documents/CSE/courses/CS283_Computer_Vision/Project/Project_cs283/cache/lq/w_365_lq.jpg
302,45,128,128,694,462,w_366_lq.jpg,/Users/LeonhardS/Documents/CSE/courses/CS283_Computer_Vision/Project/Project_cs283/cache/lq/w_366_lq.jpg
337,145,128,128,694,462,w_367_lq.jpg,/Users/LeonhardS/Documents/CSE/courses/CS283_Computer_Vision/Project/Project_cs283/cache/lq/w_367_lq.jpg
292,159,128,128,694,462,w_368_lq.jpg,/Users/LeonhardS/Documents/CSE/courses/CS283_Computer_Vision/Project/Project_cs283/cache/lq/w_368_lq.jpg
194,260,128,128,694,462,w_369_lq.jpg,/Users/LeonhardS/Documents/CSE/courses/CS283_Computer_Vision/Project/Project_cs283/cache/lq/w_369_lq.jpg
202,175,128,128,694,462,w_36_lq.jpg,/Users/LeonhardS/Documents/CSE/courses/CS283_Computer_Vision/Project/Project_cs283/cache/lq/w_36_lq.jpg
267,122,128,128,694,462,w_370_lq.jpg,/Users/LeonhardS/Documents/CSE/courses/CS283_Computer_Vision/Project/Project_cs283/cache/lq/w_370_lq.jpg
405,165,128,128,694,462,w_371_lq.jpg,/Users/LeonhardS/Documents/CSE/courses/CS283_Computer_Vision/Project/Project_cs283/cache/lq/w_371_lq.jpg
244,149,128,128,694,462,w_372_lq.jpg,/Users/LeonhardS/Documents/CSE/courses/CS283_Computer_Vision/Project/Project_cs283/cache/lq/w_372_lq.jpg
319,200,128,128,694,462,w_373_lq.jpg,/Users/LeonhardS/Documents/CSE/courses/CS283_Computer_Vision/Project/Project_cs283/cache/lq/w_373_lq.jpg
362,205,128,128,694,462,w_374_lq.jpg,/Users/LeonhardS/Documents/CSE/courses/CS283_Computer_Vision/Project/Project_cs283/cache/lq/w_374_lq.jpg
243,170,128,128,694,462,w_375_lq.jpg,/Users/LeonhardS/Documents/CSE/courses/CS283_Computer_Vision/Project/Project_cs283/cache/lq/w_375_lq.jpg
279,271,128,128,694,462,w_376_lq.jpg,/Users/LeonhardS/Documents/CSE/courses/CS283_Computer_Vision/Project/Project_cs283/cache/lq/w_376_lq.jpg
292,212,128,128,694,462,w_377_lq.jpg,/Users/LeonhardS/Documents/CSE/courses/CS283_Computer_Vision/Project/Project_cs283/cache/lq/w_377_lq.jpg
229,310,128,128,694,462,w_378_lq.jpg,/Users/LeonhardS/Documents/CSE/courses/CS283_Computer_Vision/Project/Project_cs283/cache/lq/w_378_lq.jpg
290,152,128,128,694,462,w_379_lq.jpg,/Users/LeonhardS/Documents/CSE/courses/CS283_Computer_Vision/Project/Project_cs283/cache/lq/w_379_lq.jpg
328,171,128,128,694,462,w_37_lq.jpg,/Users/LeonhardS/Documents/CSE/courses/CS283_Computer_Vision/Project/Project_cs283/cache/lq/w_37_lq.jpg
229,221,128,128,694,462,w_380_lq.jpg,/Users/LeonhardS/Documents/CSE/courses/CS283_Computer_Vision/Project/Project_cs283/cache/lq/w_380_lq.jpg
277,187,128,128,694,462,w_381_lq.jpg,/Users/LeonhardS/Documents/CSE/courses/CS283_Computer_Vision/Project/Project_cs283/cache/lq/w_381_lq.jpg
268,198,128,128,694,462,w_382_lq.jpg,/Users/LeonhardS/Documents/CSE/courses/CS283_Computer_Vision/Project/Project_cs283/cache/lq/w_382_lq.jpg
324,53,128,128,694,462,w_383_lq.jpg,/Users/LeonhardS/Documents/CSE/courses/CS283_Computer_Vision/Project/Project_cs283/cache/lq/w_383_lq.jpg
378,0,128,128,694,462,w_384_lq.jpg,/Users/LeonhardS/Documents/CSE/courses/CS283_Computer_Vision/Project/Project_cs283/cache/lq/w_384_lq.jpg
234,81,128,128,694,462,w_385_lq.jpg,/Users/LeonhardS/Documents/CSE/courses/CS283_Computer_Vision/Project/Project_cs283/cache/lq/w_385_lq.jpg
404,186,128,128,694,462,w_386_lq.jpg,/Users/LeonhardS/Documents/CSE/courses/CS283_Computer_Vision/Project/Project_cs283/cache/lq/w_386_lq.jpg
270,205,128,128,694,462,w_387_lq.jpg,/Users/LeonhardS/Documents/CSE/courses/CS283_Computer_Vision/Project/Project_cs283/cache/lq/w_387_lq.jpg
335,150,128,128,694,462,w_388_lq.jpg,/Users/LeonhardS/Documents/CSE/courses/CS283_Computer_Vision/Project/Project_cs283/cache/lq/w_388_lq.jpg
280,192,128,128,694,462,w_389_lq.jpg,/Users/LeonhardS/Documents/CSE/courses/CS283_Computer_Vision/Project/Project_cs283/cache/lq/w_389_lq.jpg
280,271,128,128,694,462,w_38_lq.jpg,/Users/LeonhardS/Documents/CSE/courses/CS283_Computer_Vision/Project/Project_cs283/cache/lq/w_38_lq.jpg
364,147,128,128,694,462,w_390_lq.jpg,/Users/LeonhardS/Documents/CSE/courses/CS283_Computer_Vision/Project/Project_cs283/cache/lq/w_390_lq.jpg
283,165,128,128,694,462,w_391_lq.jpg,/Users/LeonhardS/Documents/CSE/courses/CS283_Computer_Vision/Project/Project_cs283/cache/lq/w_391_lq.jpg
232,74,128,128,694,462,w_392_lq.jpg,/Users/LeonhardS/Documents/CSE/courses/CS283_Computer_Vision/Project/Project_cs283/cache/lq/w_392_lq.jpg
232,177,128,128,694,462,w_393_lq.jpg,/Users/LeonhardS/Documents/CSE/courses/CS283_Computer_Vision/Project/Project_cs283/cache/lq/w_393_lq.jpg
299,183,128,128,694,462,w_394_lq.jpg,/Users/LeonhardS/Documents/CSE/courses/CS283_Computer_Vision/Project/Project_cs283/cache/lq/w_394_lq.jpg
278,112,128,128,694,462,w_395_lq.jpg,/Users/LeonhardS/Documents/CSE/courses/CS283_Computer_Vision/Project/Project_cs283/cache/lq/w_395_lq.jpg
261,179,128,128,694,462,w_396_lq.jpg,/Users/LeonhardS/Documents/CSE/courses/CS283_Computer_Vision/Project/Project_cs283/cache/lq/w_396_lq.jpg
243,220,128,128,694,462,w_397_lq.jpg,/Users/LeonhardS/Documents/CSE/courses/CS283_Computer_Vision/Project/Project_cs283/cache/lq/w_397_lq.jpg
281,194,128,128,694,462,w_398_lq.jpg,/Users/LeonhardS/Documents/CSE/courses/CS283_Computer_Vision/Project/Project_cs283/cache/lq/w_398_lq.jpg
251,203,128,128,694,462,w_399_lq.jpg,/Users/LeonhardS/Documents/CSE/courses/CS283_Computer_Vision/Project/Project_cs283/cache/lq/w_399_lq.jpg
228,100,128,128,694,462,w_39_lq.jpg,/Users/LeonhardS/Documents/CSE/courses/CS283_Computer_Vision/Project/Project_cs283/cache/lq/w_39_lq.jpg
169,196,128,128,694,462,w_3_lq.jpg,/Users/LeonhardS/Documents/CSE/courses/CS283_Computer_Vision/Project/Project_cs283/cache/lq/w_3_lq.jpg
235,275,128,128,694,462,w_400_lq.jpg,/Users/LeonhardS/Documents/CSE/courses/CS283_Computer_Vision/Project/Project_cs283/cache/lq/w_400_lq.jpg
287,176,128,128,694,462,w_401_lq.jpg,/Users/LeonhardS/Documents/CSE/courses/CS283_Computer_Vision/Project/Project_cs283/cache/lq/w_401_lq.jpg
343,206,128,128,694,462,w_402_lq.jpg,/Users/LeonhardS/Documents/CSE/courses/CS283_Computer_Vision/Project/Project_cs283/cache/lq/w_402_lq.jpg
304,174,128,128,694,462,w_403_lq.jpg,/Users/LeonhardS/Documents/CSE/courses/CS283_Computer_Vision/Project/Project_cs283/cache/lq/w_403_lq.jpg
378,167,128,128,694,462,w_404_lq.jpg,/Users/LeonhardS/Documents/CSE/courses/CS283_Computer_Vision/Project/Project_cs283/cache/lq/w_404_lq.jpg
331,207,128,128,694,462,w_405_lq.jpg,/Users/LeonhardS/Documents/CSE/courses/CS283_Computer_Vision/Project/Project_cs283/cache/lq/w_405_lq.jpg
273,85,128,128,694,462,w_406_lq.jpg,/Users/LeonhardS/Documents/CSE/courses/CS283_Computer_Vision/Project/Project_cs283/cache/lq/w_406_lq.jpg
260,128,128,128,694,462,w_407_lq.jpg,/Users/LeonhardS/Documents/CSE/courses/CS283_Computer_Vision/Project/Project_cs283/cache/lq/w_407_lq.jpg
250,125,128,128,694,462,w_408_lq.jpg,/Users/LeonhardS/Documents/CSE/courses/CS283_Computer_Vision/Project/Project_cs283/cache/lq/w_408_lq.jpg
289,175,128,128,694,462,w_409_lq.jpg,/Users/LeonhardS/Documents/CSE/courses/CS283_Computer_Vision/Project/Project_cs283/cache/lq/w_409_lq.jpg
240,167,128,128,694,462,w_40_lq.jpg,/Users/LeonhardS/Documents/CSE/courses/CS283_Computer_Vision/Project/Project_cs283/cache/lq/w_40_lq.jpg
337,223,128,128,694,462,w_410_lq.jpg,/Users/LeonhardS/Documents/CSE/courses/CS283_Computer_Vision/Project/Project_cs283/cache/lq/w_410_lq.jpg
219,170,128,128,694,462,w_411_lq.jpg,/Users/LeonhardS/Documents/CSE/courses/CS283_Computer_Vision/Project/Project_cs283/cache/lq/w_411_lq.jpg
316,178,128,128,694,462,w_412_lq.jpg,/Users/LeonhardS/Documents/CSE/courses/CS283_Computer_Vision/Project/Project_cs283/cache/lq/w_412_lq.jpg
565,168,128,128,694,462,w_413_lq.jpg,/Users/LeonhardS/Documents/CSE/courses/CS283_Computer_Vision/Project/Project_cs283/cache/lq/w_413_lq.jpg
269,125,128,128,694,462,w_414_lq.jpg,/Users/LeonhardS/Documents/CSE/courses/CS283_Computer_Vision/Project/Project_cs283/cache/lq/w_414_lq.jpg
283,136,128,128,694,462,w_415_lq.jpg,/Users/LeonhardS/Documents/CSE/courses/CS283_Computer_Vision/Project/Project_cs283/cache/lq/w_415_lq.jpg
439,265,128,128,694,462,w_416_lq.jpg,/Users/LeonhardS/Documents/CSE/courses/CS283_Computer_Vision/Project/Project_cs283/cache/lq/w_416_lq.jpg
241,160,128,128,694,462,w_417_lq.jpg,/Users/LeonhardS/Documents/CSE/courses/CS283_Computer_Vision/Project/Project_cs283/cache/lq/w_417_lq.jpg
294,135,128,128,694,462,w_418_lq.jpg,/Users/LeonhardS/Documents/CSE/courses/CS283_Computer_Vision/Project/Project_cs283/cache/lq/w_418_lq.jpg
264,165,128,128,694,462,w_419_lq.jpg,/Users/LeonhardS/Documents/CSE/courses/CS283_Computer_Vision/Project/Project_cs283/cache/lq/w_419_lq.jpg
240,91,128,128,694,462,w_41_lq.jpg,/Users/LeonhardS/Documents/CSE/courses/CS283_Computer_Vision/Project/Project_cs283/cache/lq/w_41_lq.jpg
200,153,128,128,694,462,w_420_lq.jpg,/Users/LeonhardS/Documents/CSE/courses/CS283_Computer_Vision/Project/Project_cs283/cache/lq/w_420_lq.jpg
255,153,128,128,694,462,w_421_lq.jpg,/Users/LeonhardS/Documents/CSE/courses/CS283_Computer_Vision/Project/Project_cs283/cache/lq/w_421_lq.jpg
329,188,128,128,694,462,w_422_lq.jpg,/Users/LeonhardS/Documents/CSE/courses/CS283_Computer_Vision/Project/Project_cs283/cache/lq/w_422_lq.jpg
291,208,128,128,694,462,w_423_lq.jpg,/Users/LeonhardS/Documents/CSE/courses/CS283_Computer_Vision/Project/Project_cs283/cache/lq/w_423_lq.jpg
171,48,128,128,694,462,w_424_lq.jpg,/Users/LeonhardS/Documents/CSE/courses/CS283_Computer_Vision/Project/Project_cs283/cache/lq/w_424_lq.jpg
168,90,128,128,694,462,w_425_lq.jpg,/Users/LeonhardS/Documents/CSE/courses/CS283_Computer_Vision/Project/Project_cs283/cache/lq/w_425_lq.jpg
262,180,128,128,694,462,w_426_lq.jpg,/Users/LeonhardS/Documents/CSE/courses/CS283_Computer_Vision/Project/Project_cs283/cache/lq/w_426_lq.jpg
414,247,128,128,694,462,w_427_lq.jpg,/Users/LeonhardS/Documents/CSE/courses/CS283_Computer_Vision/Project/Project_cs283/cache/lq/w_427_lq.jpg
45,29,128,128,694,462,w_428_lq.jpg,/Users/LeonhardS/Documents/CSE/courses/CS283_Computer_Vision/Project/Project_cs283/cache/lq/w_428_lq.jpg
187,168,128,128,694,462,w_429_lq.jpg,/Users/LeonhardS/Documents/CSE/courses/CS283_Computer_Vision/Project/Project_cs283/cache/lq/w_429_lq.jpg
359,184,128,128,694,462,w_42_lq.jpg,/Users/LeonhardS/Documents/CSE/courses/CS283_Computer_Vision/Project/Project_cs283/cache/lq/w_42_lq.jpg
301,192,128,128,694,462,w_430_lq.jpg,/Users/LeonhardS/Documents/CSE/courses/CS283_Computer_Vision/Project/Project_cs283/cache/lq/w_430_lq.jpg
302,147,128,128,694,462,w_431_lq.jpg,/Users/LeonhardS/Documents/CSE/courses/CS283_Computer_Vision/Project/Project_cs283/cache/lq/w_431_lq.jpg
343,135,128,128,694,462,w_432_lq.jpg,/Users/LeonhardS/Documents/CSE/courses/CS283_Computer_Vision/Project/Project_cs283/cache/lq/w_432_lq.jpg
304,188,128,128,694,462,w_433_lq.jpg,/Users/LeonhardS/Documents/CSE/courses/CS283_Computer_Vision/Project/Project_cs283/cache/lq/w_433_lq.jpg
282,191,128,128,694,462,w_434_lq.jpg,/Users/LeonhardS/Documents/CSE/courses/CS283_Computer_Vision/Project/Project_cs283/cache/lq/w_434_lq.jpg
282,152,128,128,694,462,w_435_lq.jpg,/Users/LeonhardS/Documents/CSE/courses/CS283_Computer_Vision/Project/Project_cs283/cache/lq/w_435_lq.jpg
306,229,128,128,694,462,w_436_lq.jpg,/Users/LeonhardS/Documents/CSE/courses/CS283_Computer_Vision/Project/Project_cs283/cache/lq/w_436_lq.jpg
258,131,128,128,694,462,w_437_lq.jpg,/Users/LeonhardS/Documents/CSE/courses/CS283_Computer_Vision/Project/Project_cs283/cache/lq/w_437_lq.jpg
52,79,128,128,694,462,w_438_lq.jpg,/Users/LeonhardS/Documents/CSE/courses/CS283_Computer_Vision/Project/Project_cs283/cache/lq/w_438_lq.jpg
196,89,128,128,694,462,w_439_lq.jpg,/Users/LeonhardS/Documents/CSE/courses/CS283_Computer_Vision/Project/Project_cs283/cache/lq/w_439_lq.jpg
261,161,128,128,694,462,w_43_lq.jpg,/Users/LeonhardS/Documents/CSE/courses/CS283_Computer_Vision/Project/Project_cs283/cache/lq/w_43_lq.jpg
244,120,128,128,694,462,w_440_lq.jpg,/Users/LeonhardS/Documents/CSE/courses/CS283_Computer_Vision/Project/Project_cs283/cache/lq/w_440_lq.jpg
271,96,128,128,694,462,w_441_lq.jpg,/Users/LeonhardS/Documents/CSE/courses/CS283_Computer_Vision/Project/Project_cs283/cache/lq/w_441_lq.jpg
283,167,128,128,694,462,w_442_lq.jpg,/Users/LeonhardS/Documents/CSE/courses/CS283_Computer_Vision/Project/Project_cs283/cache/lq/w_442_lq.jpg
126,151,128,128,694,462,w_443_lq.jpg,/Users/LeonhardS/Documents/CSE/courses/CS283_Computer_Vision/Project/Project_cs283/cache/lq/w_443_lq.jpg
280,227,128,128,694,462,w_444_lq.jpg,/Users/LeonhardS/Documents/CSE/courses/CS283_Computer_Vision/Project/Project_cs283/cache/lq/w_444_lq.jpg
373,267,128,128,694,462,w_445_lq.jpg,/Users/LeonhardS/Documents/CSE/courses/CS283_Computer_Vision/Project/Project_cs283/cache/lq/w_445_lq.jpg
220,186,128,128,694,462,w_446_lq.jpg,/Users/LeonhardS/Documents/CSE/courses/CS283_Computer_Vision/Project/Project_cs283/cache/lq/w_446_lq.jpg
320,126,128,128,694,462,w_447_lq.jpg,/Users/LeonhardS/Documents/CSE/courses/CS283_Computer_Vision/Project/Project_cs283/cache/lq/w_447_lq.jpg
288,131,128,128,694,462,w_448_lq.jpg,/Users/LeonhardS/Documents/CSE/courses/CS283_Computer_Vision/Project/Project_cs283/cache/lq/w_448_lq.jpg
364,160,128,128,694,462,w_449_lq.jpg,/Users/LeonhardS/Documents/CSE/courses/CS283_Computer_Vision/Project/Project_cs283/cache/lq/w_449_lq.jpg
277,200,128,128,694,462,w_44_lq.jpg,/Users/LeonhardS/Documents/CSE/courses/CS283_Computer_Vision/Project/Project_cs283/cache/lq/w_44_lq.jpg
206,148,128,128,694,462,w_450_lq.jpg,/Users/LeonhardS/Documents/CSE/courses/CS283_Computer_Vision/Project/Project_cs283/cache/lq/w_450_lq.jpg
297,161,128,128,694,462,w_451_lq.jpg,/Users/LeonhardS/Documents/CSE/courses/CS283_Computer_Vision/Project/Project_cs283/cache/lq/w_451_lq.jpg
370,150,128,128,694,462,w_452_lq.jpg,/Users/LeonhardS/Documents/CSE/courses/CS283_Computer_Vision/Project/Project_cs283/cache/lq/w_452_lq.jpg
191,101,128,128,694,462,w_453_lq.jpg,/Users/LeonhardS/Documents/CSE/courses/CS283_Computer_Vision/Project/Project_cs283/cache/lq/w_453_lq.jpg
333,154,128,128,694,462,w_454_lq.jpg,/Users/LeonhardS/Documents/CSE/courses/CS283_Computer_Vision/Project/Project_cs283/cache/lq/w_454_lq.jpg
288,138,128,128,694,462,w_455_lq.jpg,/Users/LeonhardS/Documents/CSE/courses/CS283_Computer_Vision/Project/Project_cs283/cache/lq/w_455_lq.jpg
412,215,128,128,694,462,w_456_lq.jpg,/Users/LeonhardS/Documents/CSE/courses/CS283_Computer_Vision/Project/Project_cs283/cache/lq/w_456_lq.jpg
262,114,128,128,694,462,w_457_lq.jpg,/Users/LeonhardS/Documents/CSE/courses/CS283_Computer_Vision/Project/Project_cs283/cache/lq/w_457_lq.jpg
352,152,128,128,694,462,w_458_lq.jpg,/Users/LeonhardS/Documents/CSE/courses/CS283_Computer_Vision/Project/Project_cs283/cache/lq/w_458_lq.jpg
306,221,128,128,694,462,w_459_lq.jpg,/Users/LeonhardS/Documents/CSE/courses/CS283_Computer_Vision/Project/Project_cs283/cache/lq/w_459_lq.jpg
323,128,128,128,694,462,w_45_lq.jpg,/Users/LeonhardS/Documents/CSE/courses/CS283_Computer_Vision/Project/Project_cs283/cache/lq/w_45_lq.jpg
351,184,128,128,694,462,w_460_lq.jpg,/Users/LeonhardS/Documents/CSE/courses/CS283_Computer_Vision/Project/Project_cs283/cache/lq/w_460_lq.jpg
411,204,128,128,694,462,w_461_lq.jpg,/Users/LeonhardS/Documents/CSE/courses/CS283_Computer_Vision/Project/Project_cs283/cache/lq/w_461_lq.jpg
248,143,128,128,694,462,w_462_lq.jpg,/Users/LeonhardS/Documents/CSE/courses/CS283_Computer_Vision/Project/Project_cs283/cache/lq/w_462_lq.jpg
273,244,128,128,694,462,w_463_lq.jpg,/Users/LeonhardS/Documents/CSE/courses/CS283_Computer_Vision/Project/Project_cs283/cache/lq/w_463_lq.jpg
278,129,128,128,694,462,w_464_lq.jpg,/Users/LeonhardS/Documents/CSE/courses/CS283_Computer_Vision/Project/Project_cs283/cache/lq/w_464_lq.jpg
282,112,128,128,694,462,w_465_lq.jpg,/Users/LeonhardS/Documents/CSE/courses/CS283_Computer_Vision/Project/Project_cs283/cache/lq/w_465_lq.jpg
237,156,128,128,694,462,w_466_lq.jpg,/Users/LeonhardS/Documents/CSE/courses/CS283_Computer_Vision/Project/Project_cs283/cache/lq/w_466_lq.jpg
263,242,128,128,694,462,w_467_lq.jpg,/Users/LeonhardS/Documents/CSE/courses/CS283_Computer_Vision/Project/Project_cs283/cache/lq/w_467_lq.jpg
291,201,128,128,694,462,w_468_lq.jpg,/Users/LeonhardS/Documents/CSE/courses/CS283_Computer_Vision/Project/Project_cs283/cache/lq/w_468_lq.jpg
275,149,128,128,694,462,w_469_lq.jpg,/Users/LeonhardS/Documents/CSE/courses/CS283_Computer_Vision/Project/Project_cs283/cache/lq/w_469_lq.jpg
116,108,128,128,694,462,w_46_lq.jpg,/Users/LeonhardS/Documents/CSE/courses/CS283_Computer_Vision/Project/Project_cs283/cache/lq/w_46_lq.jpg
346,168,128,128,694,462,w_470_lq.jpg,/Users/LeonhardS/Documents/CSE/courses/CS283_Computer_Vision/Project/Project_cs283/cache/lq/w_470_lq.jpg
280,146,128,128,694,462,w_471_lq.jpg,/Users/LeonhardS/Documents/CSE/courses/CS283_Computer_Vision/Project/Project_cs283/cache/lq/w_471_lq.jpg
359,175,128,128,694,462,w_472_lq.jpg,/Users/LeonhardS/Documents/CSE/courses/CS283_Computer_Vision/Project/Project_cs283/cache/lq/w_472_lq.jpg
206,223,128,128,694,462,w_473_lq.jpg,/Users/LeonhardS/Documents/CSE/courses/CS283_Computer_Vision/Project/Project_cs283/cache/lq/w_473_lq.jpg
269,180,128,128,694,462,w_474_lq.jpg,/Users/LeonhardS/Documents/CSE/courses/CS283_Computer_Vision/Project/Project_cs283/cache/lq/w_474_lq.jpg
266,252,128,128,694,462,w_475_lq.jpg,/Users/LeonhardS/Documents/CSE/courses/CS283_Computer_Vision/Project/Project_cs283/cache/lq/w_475_lq.jpg
209,260,128,128,694,462,w_476_lq.jpg,/Users/LeonhardS/Documents/CSE/courses/CS283_Computer_Vision/Project/Project_cs283/cache/lq/w_476_lq.jpg
273,193,128,128,694,462,w_477_lq.jpg,/Users/LeonhardS/Documents/CSE/courses/CS283_Computer_Vision/Project/Project_cs283/cache/lq/w_477_lq.jpg
301,68,128,128,694,462,w_478_lq.jpg,/Users/LeonhardS/Documents/CSE/courses/CS283_Computer_Vision/Project/Project_cs283/cache/lq/w_478_lq.jpg
491,236,128,128,694,462,w_479_lq.jpg,/Users/LeonhardS/Documents/CSE/courses/CS283_Computer_Vision/Project/Project_cs283/cache/lq/w_479_lq.jpg
293,194,128,128,694,462,w_47_lq.jpg,/Users/LeonhardS/Documents/CSE/courses/CS283_Computer_Vision/Project/Project_cs283/cache/lq/w_47_lq.jpg
231,159,128,128,694,462,w_480_lq.jpg,/Users/LeonhardS/Documents/CSE/courses/CS283_Computer_Vision/Project/Project_cs283/cache/lq/w_480_lq.jpg
310,207,128,128,694,462,w_481_lq.jpg,/Users/LeonhardS/Documents/CSE/courses/CS283_Computer_Vision/Project/Project_cs283/cache/lq/w_481_lq.jpg
346,169,128,128,694,462,w_482_lq.jpg,/Users/LeonhardS/Documents/CSE/courses/CS283_Computer_Vision/Project/Project_cs283/cache/lq/w_482_lq.jpg
373,333,128,128,694,462,w_483_lq.jpg,/Users/LeonhardS/Documents/CSE/courses/CS283_Computer_Vision/Project/Project_cs283/cache/lq/w_483_lq.jpg
238,144,128,128,694,462,w_484_lq.jpg,/Users/LeonhardS/Documents/CSE/courses/CS283_Computer_Vision/Project/Project_cs283/cache/lq/w_484_lq.jpg
279,119,128,128,694,462,w_485_lq.jpg,/Users/LeonhardS/Documents/CSE/courses/CS283_Computer_Vision/Project/Project_cs283/cache/lq/w_485_lq.jpg
364,143,128,128,694,462,w_486_lq.jpg,/Users/LeonhardS/Documents/CSE/courses/CS283_Computer_Vision/Project/Project_cs283/cache/lq/w_486_lq.jpg
255,117,128,128,694,462,w_487_lq.jpg,/Users/LeonhardS/Documents/CSE/courses/CS283_Computer_Vision/Project/Project_cs283/cache/lq/w_487_lq.jpg
150,181,128,128,694,462,w_488_lq.jpg,/Users/LeonhardS/Documents/CSE/courses/CS283_Computer_Vision/Project/Project_cs283/cache/lq/w_488_lq.jpg
192,160,128,128,694,462,w_489_lq.jpg,/Users/LeonhardS/Documents/CSE/courses/CS283_Computer_Vision/Project/Project_cs283/cache/lq/w_489_lq.jpg
255,123,128,128,694,462,w_48_lq.jpg,/Users/LeonhardS/Documents/CSE/courses/CS283_Computer_Vision/Project/Project_cs283/cache/lq/w_48_lq.jpg
286,174,128,128,694,462,w_490_lq.jpg,/Users/LeonhardS/Documents/CSE/courses/CS283_Computer_Vision/Project/Project_cs283/cache/lq/w_490_lq.jpg
283,167,128,128,694,462,w_491_lq.jpg,/Users/LeonhardS/Documents/CSE/courses/CS283_Computer_Vision/Project/Project_cs283/cache/lq/w_491_lq.jpg
345,189,128,128,694,462,w_492_lq.jpg,/Users/LeonhardS/Documents/CSE/courses/CS283_Computer_Vision/Project/Project_cs283/cache/lq/w_492_lq.jpg
326,153,128,128,694,462,w_493_lq.jpg,/Users/LeonhardS/Documents/CSE/courses/CS283_Computer_Vision/Project/Project_cs283/cache/lq/w_493_lq.jpg
288,179,128,128,694,462,w_494_lq.jpg,/Users/LeonhardS/Documents/CSE/courses/CS283_Computer_Vision/Project/Project_cs283/cache/lq/w_494_lq.jpg
256,263,128,128,694,462,w_495_lq.jpg,/Users/LeonhardS/Documents/CSE/courses/CS283_Computer_Vision/Project/Project_cs283/cache/lq/w_495_lq.jpg
288,246,128,128,694,462,w_496_lq.jpg,/Users/LeonhardS/Documents/CSE/courses/CS283_Computer_Vision/Project/Project_cs283/cache/lq/w_496_lq.jpg
310,171,128,128,694,462,w_497_lq.jpg,/Users/LeonhardS/Documents/CSE/courses/CS283_Computer_Vision/Project/Project_cs283/cache/lq/w_497_lq.jpg
225,311,128,128,694,462,w_498_lq.jpg,/Users/LeonhardS/Documents/CSE/courses/CS283_Computer_Vision/Project/Project_cs283/cache/lq/w_498_lq.jpg
270,145,128,128,694,462,w_499_lq.jpg,/Users/LeonhardS/Documents/CSE/courses/CS283_Computer_Vision/Project/Project_cs283/cache/lq/w_499_lq.jpg
313,218,128,128,694,462,w_49_lq.jpg,/Users/LeonhardS/Documents/CSE/courses/CS283_Computer_Vision/Project/Project_cs283/cache/lq/w_49_lq.jpg
290,121,128,128,694,462,w_4_lq.jpg,/Users/LeonhardS/Documents/CSE/courses/CS283_Computer_Vision/Project/Project_cs283/cache/lq/w_4_lq.jpg
310,113,128,128,694,462,w_50_lq.jpg,/Users/LeonhardS/Documents/CSE/courses/CS283_Computer_Vision/Project/Project_cs283/cache/lq/w_50_lq.jpg
286,249,128,128,694,462,w_51_lq.jpg,/Users/LeonhardS/Documents/CSE/courses/CS283_Computer_Vision/Project/Project_cs283/cache/lq/w_51_lq.jpg
296,206,128,128,694,462,w_52_lq.jpg,/Users/LeonhardS/Documents/CSE/courses/CS283_Computer_Vision/Project/Project_cs283/cache/lq/w_52_lq.jpg
325,166,128,128,694,462,w_53_lq.jpg,/Users/LeonhardS/Documents/CSE/courses/CS283_Computer_Vision/Project/Project_cs283/cache/lq/w_53_lq.jpg
357,128,128,128,694,462,w_54_lq.jpg,/Users/LeonhardS/Documents/CSE/courses/CS283_Computer_Vision/Project/Project_cs283/cache/lq/w_54_lq.jpg
241,164,128,128,694,462,w_55_lq.jpg,/Users/LeonhardS/Documents/CSE/courses/CS283_Computer_Vision/Project/Project_cs283/cache/lq/w_55_lq.jpg
248,197,128,128,694,462,w_56_lq.jpg,/Users/LeonhardS/Documents/CSE/courses/CS283_Computer_Vision/Project/Project_cs283/cache/lq/w_56_lq.jpg
197,198,128,128,694,462,w_57_lq.jpg,/Users/LeonhardS/Documents/CSE/courses/CS283_Computer_Vision/Project/Project_cs283/cache/lq/w_57_lq.jpg
404,333,128,128,694,462,w_58_lq.jpg,/Users/LeonhardS/Documents/CSE/courses/CS283_Computer_Vision/Project/Project_cs283/cache/lq/w_58_lq.jpg
160,106,128,128,694,462,w_59_lq.jpg,/Users/LeonhardS/Documents/CSE/courses/CS283_Computer_Vision/Project/Project_cs283/cache/lq/w_59_lq.jpg
120,127,128,128,694,462,w_5_lq.jpg,/Users/LeonhardS/Documents/CSE/courses/CS283_Computer_Vision/Project/Project_cs283/cache/lq/w_5_lq.jpg
203,80,128,128,694,462,w_60_lq.jpg,/Users/LeonhardS/Documents/CSE/courses/CS283_Computer_Vision/Project/Project_cs283/cache/lq/w_60_lq.jpg
177,278,128,128,694,462,w_61_lq.jpg,/Users/LeonhardS/Documents/CSE/courses/CS283_Computer_Vision/Project/Project_cs283/cache/lq/w_61_lq.jpg
239,149,128,128,694,462,w_62_lq.jpg,/Users/LeonhardS/Documents/CSE/courses/CS283_Computer_Vision/Project/Project_cs283/cache/lq/w_62_lq.jpg
229,265,128,128,694,462,w_63_lq.jpg,/Users/LeonhardS/Documents/CSE/courses/CS283_Computer_Vision/Project/Project_cs283/cache/lq/w_63_lq.jpg
282,142,128,128,694,462,w_64_lq.jpg,/Users/LeonhardS/Documents/CSE/courses/CS283_Computer_Vision/Project/Project_cs283/cache/lq/w_64_lq.jpg
442,204,128,128,694,462,w_65_lq.jpg,/Users/LeonhardS/Documents/CSE/courses/CS283_Computer_Vision/Project/Project_cs283/cache/lq/w_65_lq.jpg
193,167,128,128,694,462,w_66_lq.jpg,/Users/LeonhardS/Documents/CSE/courses/CS283_Computer_Vision/Project/Project_cs283/cache/lq/w_66_lq.jpg
282,178,128,128,694,462,w_67_lq.jpg,/Users/LeonhardS/Documents/CSE/courses/CS283_Computer_Vision/Project/Project_cs283/cache/lq/w_67_lq.jpg
335,147,128,128,694,462,w_68_lq.jpg,/Users/LeonhardS/Documents/CSE/courses/CS283_Computer_Vision/Project/Project_cs283/cache/lq/w_68_lq.jpg
260,124,128,128,694,462,w_69_lq.jpg,/Users/LeonhardS/Documents/CSE/courses/CS283_Computer_Vision/Project/Project_cs283/cache/lq/w_69_lq.jpg
259,91,128,128,694,462,w_6_lq.jpg,/Users/LeonhardS/Documents/CSE/courses/CS283_Computer_Vision/Project/Project_cs283/cache/lq/w_6_lq.jpg
349,230,128,128,694,462,w_70_lq.jpg,/Users/LeonhardS/Documents/CSE/courses/CS283_Computer_Vision/Project/Project_cs283/cache/lq/w_70_lq.jpg
265,133,128,128,694,462,w_71_lq.jpg,/Users/LeonhardS/Documents/CSE/courses/CS283_Computer_Vision/Project/Project_cs283/cache/lq/w_71_lq.jpg
294,192,128,128,694,462,w_72_lq.jpg,/Users/LeonhardS/Documents/CSE/courses/CS283_Computer_Vision/Project/Project_cs283/cache/lq/w_72_lq.jpg
232,153,128,128,694,462,w_73_lq.jpg,/Users/LeonhardS/Documents/CSE/courses/CS283_Computer_Vision/Project/Project_cs283/cache/lq/w_73_lq.jpg
292,177,128,128,694,462,w_74_lq.jpg,/Users/LeonhardS/Documents/CSE/courses/CS283_Computer_Vision/Project/Project_cs283/cache/lq/w_74_lq.jpg
260,162,128,128,694,462,w_75_lq.jpg,/Users/LeonhardS/Documents/CSE/courses/CS283_Computer_Vision/Project/Project_cs283/cache/lq/w_75_lq.jpg
211,142,128,128,694,462,w_76_lq.jpg,/Users/LeonhardS/Documents/CSE/courses/CS283_Computer_Vision/Project/Project_cs283/cache/lq/w_76_lq.jpg
260,212,128,128,694,462,w_77_lq.jpg,/Users/LeonhardS/Documents/CSE/courses/CS283_Computer_Vision/Project/Project_cs283/cache/lq/w_77_lq.jpg
283,181,128,128,694,462,w_78_lq.jpg,/Users/LeonhardS/Documents/CSE/courses/CS283_Computer_Vision/Project/Project_cs283/cache/lq/w_78_lq.jpg
278,164,128,128,694,462,w_79_lq.jpg,/Users/LeonhardS/Documents/CSE/courses/CS283_Computer_Vision/Project/Project_cs283/cache/lq/w_79_lq.jpg
294,177,128,128,694,462,w_7_lq.jpg,/Users/LeonhardS/Documents/CSE/courses/CS283_Computer_Vision/Project/Project_cs283/cache/lq/w_7_lq.jpg
385,154,128,128,694,462,w_80_lq.jpg,/Users/LeonhardS/Documents/CSE/courses/CS283_Computer_Vision/Project/Project_cs283/cache/lq/w_80_lq.jpg
279,170,128,128,694,462,w_81_lq.jpg,/Users/LeonhardS/Documents/CSE/courses/CS283_Computer_Vision/Project/Project_cs283/cache/lq/w_81_lq.jpg
278,203,128,128,694,462,w_82_lq.jpg,/Users/LeonhardS/Documents/CSE/courses/CS283_Computer_Vision/Project/Project_cs283/cache/lq/w_82_lq.jpg
288,131,128,128,694,462,w_83_lq.jpg,/Users/LeonhardS/Documents/CSE/courses/CS283_Computer_Vision/Project/Project_cs283/cache/lq/w_83_lq.jpg
305,141,128,128,694,462,w_84_lq.jpg,/Users/LeonhardS/Documents/CSE/courses/CS283_Computer_Vision/Project/Project_cs283/cache/lq/w_84_lq.jpg
351,183,128,128,694,462,w_85_lq.jpg,/Users/LeonhardS/Documents/CSE/courses/CS283_Computer_Vision/Project/Project_cs283/cache/lq/w_85_lq.jpg
317,172,128,128,694,462,w_86_lq.jpg,/Users/LeonhardS/Documents/CSE/courses/CS283_Computer_Vision/Project/Project_cs283/cache/lq/w_86_lq.jpg
284,142,128,128,694,462,w_87_lq.jpg,/Users/LeonhardS/Documents/CSE/courses/CS283_Computer_Vision/Project/Project_cs283/cache/lq/w_87_lq.jpg
224,83,128,128,694,462,w_88_lq.jpg,/Users/LeonhardS/Documents/CSE/courses/CS283_Computer_Vision/Project/Project_cs283/cache/lq/w_88_lq.jpg
273,81,128,128,694,462,w_89_lq.jpg,/Users/LeonhardS/Documents/CSE/courses/CS283_Computer_Vision/Project/Project_cs283/cache/lq/w_89_lq.jpg
330,208,128,128,694,462,w_8_lq.jpg,/Users/LeonhardS/Documents/CSE/courses/CS283_Computer_Vision/Project/Project_cs283/cache/lq/w_8_lq.jpg
178,96,128,128,694,462,w_90_lq.jpg,/Users/LeonhardS/Documents/CSE/courses/CS283_Computer_Vision/Project/Project_cs283/cache/lq/w_90_lq.jpg
252,116,128,128,694,462,w_91_lq.jpg,/Users/LeonhardS/Documents/CSE/courses/CS283_Computer_Vision/Project/Project_cs283/cache/lq/w_91_lq.jpg
238,199,128,128,694,462,w_92_lq.jpg,/Users/LeonhardS/Documents/CSE/courses/CS283_Computer_Vision/Project/Project_cs283/cache/lq/w_92_lq.jpg
146,240,128,128,694,462,w_93_lq.jpg,/Users/LeonhardS/Documents/CSE/courses/CS283_Computer_Vision/Project/Project_cs283/cache/lq/w_93_lq.jpg
301,190,128,128,694,462,w_94_lq.jpg,/Users/LeonhardS/Documents/CSE/courses/CS283_Computer_Vision/Project/Project_cs283/cache/lq/w_94_lq.jpg
215,217,128,128,694,462,w_95_lq.jpg,/Users/LeonhardS/Documents/CSE/courses/CS283_Computer_Vision/Project/Project_cs283/cache/lq/w_95_lq.jpg
268,173,128,128,694,462,w_96_lq.jpg,/Users/LeonhardS/Documents/CSE/courses/CS283_Computer_Vision/Project/Project_cs283/cache/lq/w_96_lq.jpg
283,166,128,128,694,462,w_97_lq.jpg,/Users/LeonhardS/Documents/CSE/courses/CS283_Computer_Vision/Project/Project_cs283/cache/lq/w_97_lq.jpg
316,211,128,128,694,462,w_98_lq.jpg,/Users/LeonhardS/Documents/CSE/courses/CS283_Computer_Vision/Project/Project_cs283/cache/lq/w_98_lq.jpg
262,199,128,128,694,462,w_99_lq.jpg,/Users/LeonhardS/Documents/CSE/courses/CS283_Computer_Vision/Project/Project_cs283/cache/lq/w_99_lq.jpg
251,243,128,128,694,462,w_9_lq.jpg,/Users/LeonhardS/Documents/CSE/courses/CS283_Computer_Vision/Project/Project_cs283/cache/lq/w_9_lq.jpg
